{
    "head1": "Về chúng tôi",
    "head2": "Đặc trưng",
    "head3": "Lợi ích của chúng tôi",
    "head4": "Trường hợp sử dụng",
    "head5": "Lời chứng thực",
    "headbtn": "Đăng ký",
    "title": "bạn cùng giọng",
    "main_title": "Trợ lý trò chuyện của bạn",
    "main_dec": "Nói  với tương lai của trải nghiệm trò chuyện. Với sự phức tạp ngày càng tăng của việc tiếp cận số đông với nguồn lực hạn chế, các công ty đang tìm cách tối ưu hóa và giảm bớt các điểm tiếp xúc thủ công",
    "btn_1": "Bắt đầu dùng thử miễn phí",
    "btn_2": "Tìm hiểu thêm",
    "voice_title": "Voicemate là gì?",
    "voice_dec": "Voice Mate là một trợ lý đàm thoại đa ngôn ngữ, cả văn bản và giọng nói. Được kích hoạt với tính năng Hiểu ngôn ngữ tự nhiên (NLU), trợ lý đàm thoại có thể tạo tập lệnh từ Văn bản thành Nói dựa trên kịch bản này cũng có thể được tùy chỉnh với các phản ứng giống người và theo ngữ cảnh bằng nhiều ngôn ngữ toàn cầu. Ngoài ra, Voice Mate thực sự là kênh đa kênh, vì nó có thể được tích hợp với các kênh IVR, di động, web, xã hội & IoT.",
    "diff_title": "Chúng ta khác nhau như thế nào?",
    "diff_icon1_title": "Cam kết chủ động và được cá nhân hóa",
    "diff_icon1_dec": "Đưa ra lời nhắc, theo dõi, thông báo và đề xuất tự động.",
    "diff_icon2_title": "Nền tảng được trao quyền cho người dùng",
    "diff_icon2_dec": "Cho phép người dùng tạo chiến dịch và tập lệnh với luồng quyết định trên cơ sở Thời gian thực mà không cần bất kỳ hỗ trợ bên ngoài nào.",
    "diff_icon3_title": "Hỗ trợ đa ngôn ngữ",
    "diff_icon3_dec": "Đa ngôn ngữ toàn cầu.",
    "diff_icon4_title": "Nhận thức về ngữ cảnh",
    "diff_icon4_dec": "Nắm bắt ý định và trả lời theo ngữ cảnh cho các Câu hỏi thường gặp và thông tin cụ thể của người dùng.",
    "diff_icon5_title": "Sẵn sàng cho Doanh nghiệp",
    "diff_icon5_dec": "Kết nối dễ dàng với ERP, CRM, hệ thống bán vé và cơ sở kiến ​​thức với trình kết nối được xây dựng sẵn",
    "ben_title": "Lợi ích của chúng tôi",
    "ben_dec": "Chúng tôi đã nghiên cứu và phát triển các tính năng mang lại nhiều lợi ích cho khách hàng",
    "ben_icon1_btxt": "Tiếp cận lượng khán giả lớn hơn",
    "ben_icon1_ntxt": "trong thời gian ngắn",
    "ben_icon2_btxt": "Thời gian thực",
    "ben_icon2_ntxt": "tạo tập lệnh âm thanh",
    "ben_icon3_btxt": "Tự động theo dõi",
    "ben_icon3_ntxt": "trên cơ sở dữ liệu không được kết nối",
    "ben_icon4_btxt": "Nhiều lớp",
    "ben_icon4_ntxt": "hành động trên một hành trình",
    "ben_icon5_btxt": "Đã xác định người dùng",
    "ben_icon5_ntxt": "hành động và dòng chảy",
    "ben_icon6_btxt": "Cải thiện hiệu quả quy trình",
    "ben_icon6_ntxt": "và nắm bắt phản hồi chính xác",
    "ben_icon7_btxt": "Giảm chi phí hoạt động",
    "ben_icon7_ntxt": "do công việc thủ công",
    "cas_title": "Trường hợp sử dụng",
    "cas_out_title": "Bán hàng đi",
    "cas_out_1": "Nắm bắt ý định dựa trên các Tập lệnh tùy chỉnh cho các khách hàng tiềm năng đã được sơ tuyển.",
    "cas_out_2": "Xác thực nhu cầu thông qua gọi điện tự động.",
    "cas_ser_title": "Dịch vụ",
    "cas_ser_1": "Xác thực OTP bằng giọng nói dựa trên IVR.",
    "cas_ser_2": "Nắm bắt xếp hạng dịch vụ.",
    "cas_ser_3": "Thực hiện Khảo sát với cơ sở dữ liệu của người mua về mức độ trung thành của Thương hiệu. Đề xuất Sản phẩm.",
    "cas_coll_title": "Bộ sưu tập",
    "cas_coll_1": "Nhắc nhở thanh toán.",
    "cas_coll_2": "Có ý định chụp.",
    "cas_coll_3": "Nhắm mục tiêu nhiều dàn xếp tự động dựa trên chuyển động trong nhóm Bộ sưu tập.",
    "cas_rec_title": "Tuyển dụng",
    "cas_rec_1": "Nắm bắt ý định về vị trí từ nhóm ứng viên.",
    "cas_rec_2": "Tiến hành Phỏng vấn được Ghi lại.",
    "cas_rec_3": "Đạt tiêu chuẩn Ứng viên dựa trên câu trả lời nhận được dưới dạng văn bản.",
    "test_title": "Lời chứng thực",
    "our_pertnar": "Những cộng sự của chúng ta",
    "footer_follow": "Theo dõi chúng tôi tại",
    "footer_voice": "Bạn cùng giọng",
    "footer_loc": "Vị trí",
    "footer_add": "123 Nguyen Trai street, Hanoi, Vietnam",
    "footer_cont": "Liên hệ chúng tôi",
    "footer_policy": "Chính sách Bảo mật / Bản quyền © 2020 VOICEMATE. Đã đăng ký Bản quyền"
}